df_index,simulation_index,f_laser,f_R_outer,f_Pi,f_Be,f_rho,current,Y_TDT,Y_rhoRDT,Y_minus_peak_IFAR,Y_minus_current
465,472,1.1573346024379134,1.0440846426412465,1.0076429083198308,0.5266317734494805,1.4002202153205872,59.713870733976364,8687.4819504,24.448081682683213,-8.355959174714659,-2.985693536698818
333,340,1.322602415457368,1.0481474673375488,0.9987273250892759,0.5294206878170371,1.3086867574602365,57.714707627892494,8116.1759216,21.266938998136638,-9.054747596153844,-2.8857353813946247
228,233,1.111073937267065,1.0473490107804537,1.0022498936578632,0.5237184511497617,1.4080275017768145,56.552690006792545,8066.1643173,20.771163532020605,-8.840151515151511,-2.8276345003396273
621,628,0.5598994987085462,1.0404604451730848,1.002927427701652,0.5362766962498426,1.3573951749131083,57.32237007468939,8047.0910806,21.719007563431642,-8.466587516960647,-2.8661185037344694
483,490,0.7756164632737637,1.0481897726655007,1.0155845952406526,0.5115983569994569,1.392587305046618,56.52777411043644,8034.5645424,21.79844873548074,-8.44485294117647,-2.826388705521822
494,501,1.470893383026123,1.037346554733813,0.990733349211514,0.5106806233525276,1.1593016907572746,58.76940708607435,7629.7209956,24.135939685783104,-8.058770247229322,-2.9384703543037176
618,625,0.6233971370384097,1.0340567369014027,1.0118287151306868,0.5336985643953085,1.3172579621896148,56.704702973365784,7515.7801775,22.273752972332368,-7.741356107660455,-2.835235148668289
735,742,0.9361684899777174,1.0147394608706237,1.0006484738364816,0.647283036261797,1.4487597728148103,58.73430613428354,7347.4095923,20.794468571972647,-7.704071553994734,-2.936715306714177
515,522,0.8464546566829085,1.0151391971856356,1.0121828715503216,0.6565093817189336,1.3339665224775672,59.516795575618744,7194.2254106,21.434116556904527,-7.600362159789286,-2.975839778780937
568,575,1.153756720945239,1.0874888667836786,0.9959244934841991,0.7536225747317076,1.495600768364966,40.5585828050971,7049.3476598,1.6201170229247555,-11.447845055526184,-2.027929140254855
214,219,1.211354867555201,1.0952293565496802,0.988837510459125,0.7045478206127882,1.4733382929116488,39.03715617954731,7036.946095,2.3039322298325544,-11.102988591269838,-1.9518578089773655
313,320,1.2818507766351104,1.0961191419512035,0.9828899244964122,0.7100614784285426,1.4674159828573465,35.63734132796526,6887.7847496,1.5159258000336235,-10.929749503968251,-1.781867066398263
462,469,1.4981410661712289,1.0988897472620012,1.017540480941534,0.6428398787975311,1.4528520023450255,35.4760017991066,6864.928453,3.523563733614178,-9.320112921140312,-1.77380008995533
561,568,1.0140488799661398,1.0260405134409667,1.0106537486612797,0.5178645085543394,1.305687260814011,56.638036370277405,6856.4995648,23.445685728667847,-6.939050351721585,-2.8319018185138702
192,197,1.305783641524613,1.050013992190361,1.0193798189610244,0.5816510803997517,1.4105518581345677,54.75482862442732,6813.2930411,16.950528567801854,-8.759537510656438,-2.737741431221366
279,286,1.0660864161327481,1.0448966575786471,1.0042010232806207,0.5364203536882997,1.055052756331861,55.4971769079566,6797.7575971,19.27194159655343,-8.91520432692308,-2.77485884539783
287,294,1.4330917177721858,1.0929718041792513,0.9953197191283106,0.5341999093070626,1.419642656110227,35.86571581661701,6780.3161179,5.901654418525966,-8.522598182408304,-1.7932857908308506
603,610,1.4927465161308646,1.092549871839583,0.9961730470880866,0.5396863864734769,1.3572626784443855,34.806688614189625,6691.3507916,5.297369843906023,-8.471640701071085,-1.7403344307094812
630,637,1.0059238970279694,1.0202739112079144,0.9951583073660731,0.5397651260718703,1.0802254052832723,59.538156278431416,6652.8372082,25.625705529384014,-6.857413920770083,-2.9769078139215708
427,434,1.4980334378778934,1.0997689474374057,1.0061249123886227,0.5307051027193666,1.2474272325634956,35.176314413547516,6598.1223605,5.518341432553606,-8.573555663745534,-1.7588157206773758
569,576,1.1293718088418245,1.051977511867881,1.0198299979791046,0.5853270599618554,1.2263835025951266,55.44727552682161,6584.0278968,17.015262934403903,-8.847133418584821,-2.7723637763410807
294,301,1.3977205147966743,1.0884172700345518,0.9969772771745921,0.5464399978518486,1.270814262330532,35.6516794860363,6527.1719543,5.738736470392768,-8.339912974683543,-1.782583974301815
292,299,1.2691967152059078,1.053294532187283,1.014215954244137,0.5852497704327106,1.466119377873838,35.02379525452852,6524.9138252,6.338189473095765,-7.13471272229822,-1.7511897627264261
329,336,1.4891774766147137,1.061480680666864,0.9993039588630199,0.5530159678310156,1.2949261609464884,35.63982371240854,6504.8813936,6.538293796379193,-7.539634146341461,-1.7819911856204271
648,655,1.188441070728004,1.0000759582966567,0.9896312381327153,0.6442107390612364,1.369833143427968,55.56912623345852,6477.2880347,19.183313643561707,-6.978726708074532,-2.778456311672926
423,430,0.9992450578138232,1.0751737348735333,1.0196037251502275,0.547433945350349,1.3501284634694457,35.14097303152084,6373.0539487,6.499354535716747,-7.709337349397589,-1.7570486515760422
178,182,1.4454361367970705,1.0136144746094944,0.9921680529415607,0.5976138236001134,1.2081827092915773,33.78770016133785,6332.6191688,6.541986066304972,-6.289194065757819,-1.6893850080668926
404,411,1.3194108540192246,1.0271276226267219,0.9954008223116397,0.5772518189623952,1.2142577953636646,33.85418865829706,6316.6876704,6.566876490136357,-6.662920168067228,-1.692709432914853
545,552,1.0069284802302718,1.0718110628426076,1.0125245664268732,0.5001010000705719,1.1907267309725285,35.02901416271925,6298.8952325,7.458482236117419,-7.885629665692957,-1.7514507081359625
446,453,1.4417141927406192,1.0140469362959266,0.9816553665697575,0.6031173514202237,1.1965255932882428,34.36299782246351,6298.5793848,6.62320954266194,-6.381682705159051,-1.7181498911231756
206,211,1.4485421441495419,1.0286592105403543,0.9838709758967161,0.6340582305565476,1.3525715423747897,33.26280150562525,6267.9690873,5.146537636304883,-6.54765917602996,-1.6631400752812624
490,497,1.4797083158046007,0.9878289632499219,1.0163085059076549,0.7090181214734912,1.357359142974019,35.077339485287666,6256.0829314,6.91634589614311,-5.375783874580066,-1.7538669742643833
613,620,1.4791965568438172,0.9892889747396112,1.0081914538145065,0.7700962135568261,1.2389200096949935,34.53769393265247,6246.5520101,5.594950473419026,-5.333440594059408,-1.7268846966326237
225,230,1.418098570778966,1.0808021988719703,1.0025765620917082,0.521166367456317,1.111319492571056,38.20444334298372,6246.0830586,7.927329809981135,-8.38740426240426,-1.9102221671491861
167,171,1.4573667338117957,1.0497989051043988,1.0109460366889835,0.5016163215041161,1.071701580658555,33.49435720592737,6225.9110043,6.858639406739924,-7.27068829113924,-1.6747178602963686
430,437,1.2129373950883746,1.0943857250735165,1.0145454489067196,0.7724935030564666,1.0895297564566135,32.16518737375736,6213.6052524,0.4759862865382072,-10.465685096153852,-1.6082593686878681
605,612,0.5777273159474134,0.9924575133249164,1.015575601272285,0.7015624428167939,1.4225540161132812,56.66376166045666,6213.3277014,19.92129400841276,-6.307951877934273,-2.833188083022833
186,191,1.2203681478276849,1.0295806150883438,1.0054335536807775,0.5233876807615161,1.49127662088722,37.97848027199507,6212.6675314,10.270314759550889,-7.258552631578946,-1.8989240135997534
143,147,1.4528161594644189,1.0120703857392073,0.9937829334288836,0.601184269413352,1.2287043556571007,32.77081623673439,6193.1198046,6.070752255668654,-6.06719725343321,-1.6385408118367195
270,277,1.0750863198190928,1.090985493734479,1.0108668768778444,0.532694211229682,0.9505180483683944,32.439512088894844,6180.9470817,4.7669209272832305,-8.242332035053552,-1.6219756044447422
104,104,1.237032770179212,1.047545979358256,1.0097974621504546,0.5030143605545163,1.0824978165328503,31.888128221035004,6167.5494222,6.198936636264797,-7.018631436314361,-1.5944064110517502
742,749,1.361374257132411,1.0016475144773722,1.0121747105941177,0.5386655321344733,1.167259929701686,34.50295712798834,6166.3204467,8.513909979092746,-6.024728997289971,-1.725147856399417
210,215,1.1712326100096107,1.0471039986237884,1.0063969563320279,0.5644890088587999,1.4797350317239761,32.47721642255783,6156.1865329,5.681407648506463,-6.912482900136797,-1.6238608211278915
174,178,1.2015930712223053,1.0093028223142029,0.9961511744186282,0.5067857867106795,1.3200581530109048,34.194336757063866,6135.5701465,8.55395895436539,-6.364992088607593,-1.7097168378531933
594,601,1.207407453097403,1.0166386188939214,1.0020972573757172,0.5834285030141473,1.4992534955963492,33.075544983148575,6128.0891791,6.657032872956448,-6.277632985832662,-1.6537772491574287
588,595,1.3999215634539723,0.9898027235642076,1.013935783058405,0.6139889834448695,1.1699422355741262,35.190142430365086,6114.9808991,8.282723735270922,-5.660978112175101,-1.7595071215182543
445,452,1.1454937867820263,1.0101256597787143,0.9901488332077861,0.5607116697356105,1.2529322197660804,33.14762130379677,6058.6910871,7.101838346807984,-6.248704481792714,-1.6573810651898384
436,443,1.4564829990267754,1.0156901206821205,1.0077628337219358,0.5151834180578589,1.2640508590266109,57.553258277475834,6055.238881,25.428826459411386,-6.170155502392347,-2.8776629138737917
338,345,1.4153553657233715,0.9876160783693195,1.0036089285463095,0.7387189818546176,1.2403726791962981,33.1811747699976,5997.562631,5.556895229371415,-5.286540404040403,-1.6590587384998798
153,157,1.3111165584996343,1.015418864786625,1.0060711172223091,0.5738459313288331,1.1625146139413118,37.99370374530554,5959.2839076,9.817487998139525,-6.692049050632913,-1.899685187265277
660,667,1.0782057512551546,1.0791365657001735,0.9817156943678855,0.6311229970306158,1.3495271559804678,31.65734600275755,5925.2197578,3.2431348762385226,-8.40030802530802,-1.5828673001378775
137,141,1.3423102302476764,1.0549163265153767,1.0071725439280272,0.5101788071915507,1.4836866278201342,40.94762280583382,5891.3006063,11.252434454772008,-8.234826864535762,-2.047381140291691
4,4,0.9915539743378758,1.0934574676677586,0.9886724995449185,0.6383257945999503,1.1191110303625464,31.067821942269802,5864.6012429,2.6948225152436547,-8.913108108108108,-1.55339109711349
147,151,1.4561605220660567,0.9728071941062808,1.0072069631516933,0.737030447460711,1.0298590930178761,34.888178147375584,5828.421906,6.981955743223806,-4.984720176730486,-1.7444089073687792
222,227,1.1621344331651926,0.9833267129957677,0.9905513022840023,0.5389938717707992,1.3952033184468746,34.27331205457449,5809.6976948,8.787105999734235,-5.5091437177280564,-1.7136656027287245
156,160,1.4336976306512952,1.0004991393536329,0.9935982836782932,0.6526087382808328,1.0286844167858362,31.468601040542126,5804.010436,5.32607810919789,-5.689973690231068,-1.5734300520271063
421,428,1.312570545822382,0.9678192241117358,0.9992441437393427,0.7012350568547845,1.3231525560840964,35.49732621759176,5803.7630397,7.93831198812126,-5.005522440392706,-1.7748663108795881
719,726,0.810124727897346,1.048464009910822,0.9831136986240745,0.5217885300517082,1.235915188677609,32.766186855733395,5797.699793,6.485031582557933,-7.227228244504666,-1.6383093427866697
149,153,1.1763725820928812,1.0511206494644285,0.9841366359218955,0.532887582667172,1.4406388960778713,30.73413982987404,5787.5148352,5.136696594085845,-7.0179621848739515,-1.536706991493702
444,451,1.2741525257006288,0.9861603913828731,1.019524229876697,0.5659247925505042,1.0194041756913066,33.44143010675907,5765.2872329,8.152991705023211,-5.4202731092436975,-1.6720715053379536
42,42,1.2654036479070783,0.9763410283252597,0.9874831954017281,0.6173227168619633,1.044897393323481,33.764491230249405,5749.1842009,7.673112885696643,-5.348713427377218,-1.6882245615124702
286,293,1.268103003501892,1.062864235416055,0.990352789722383,0.5744100911542773,0.8742810022085905,29.742774963378906,5734.731048,4.009061798919337,-7.181497948016414,-1.4871387481689453
141,145,0.9269666178151965,1.0286949682980777,1.006227122247219,0.5302103143185377,0.8081165701150894,32.1265534684062,5725.7763103,6.792812048138356,-6.575050200803214,-1.60632767342031
202,207,0.9525145636871457,1.0113868921995164,1.010033386722207,0.5207003811374307,0.950889372266829,33.76288536936045,5698.5822593,8.41127168146882,-6.32318672839506,-1.6881442684680223
591,598,1.237099670805037,1.037974040955305,1.0002374051138758,0.6832735501229763,1.4284549951553345,31.27964172512293,5675.0200891,3.8820623349518755,-6.704088639200999,-1.5639820862561464
460,467,1.3283222252503037,0.9706339731812478,0.9989590023085475,0.7251401711255312,1.2655107639729977,32.60760057717562,5634.4366805,6.1509840800139575,-4.9138064316635734,-1.6303800288587809
281,288,1.2066779574379325,1.0281179377809169,1.0045832997560502,0.5439994372427464,1.3281056080013514,39.97529275715351,5629.3017191,11.29681709154092,-7.339765765765766,-1.9987646378576756
440,447,1.144670576788485,0.9847313443198801,1.0103057022765278,0.7992472751066089,0.9661810100078583,32.264570631086826,5609.8131394,4.821504065358632,-5.149855302464526,-1.6132285315543413
283,290,1.1703660041093826,1.0824773760512472,0.9969968186691404,0.5260622669011354,0.9697081316262484,28.90625935047865,5606.2097953,4.046525321885988,-7.65669226136706,-1.4453129675239325
672,679,1.4290484385564923,1.0851660300046206,1.014862378425896,0.7200096342712641,1.0642398055642843,28.558387495577335,5599.7346092,1.640575676681844,-8.8693398021309,-1.4279193747788668
471,478,1.3181849624961615,1.011819225177169,1.0002290027588605,0.6166429007425904,0.8416389338672161,33.26157156378031,5567.934958,6.2743726775718205,-6.078370786516858,-1.6630785781890154
86,86,1.361506449058652,0.9567222842946649,0.9835078063979745,0.8917168062180281,1.1729509299620986,32.923272885382175,5566.4314581,4.627829172887324,-4.65445548759769,-1.6461636442691088
256,263,1.3206580830737948,1.0848828211426735,1.0168321788311006,0.6158861229196191,0.893636791035533,28.550870716571808,5552.7973935,2.958210513090768,-8.06398085037325,-1.4275435358285904
44,44,1.2308609010651708,0.9693830624222756,1.0010173369199038,0.6081316191703081,1.3640722781419754,32.47819826006889,5547.5603426,7.503051677682287,-4.994477783452503,-1.6239099130034447
507,514,0.5828345585614443,1.001604779995978,1.009992147050798,0.6435681264847517,1.1584438849240541,53.360115587711334,5515.223914,17.59534086604834,-6.808802816901405,-2.6680057793855667
517,524,1.4707774966955185,1.0037789586931467,1.0184365099668502,0.7300730301067233,0.8845936907455325,30.2940371632576,5506.6514662,4.207614052429385,-5.507651515151517,-1.51470185816288
53,53,0.5004623904824257,1.0843897553160788,1.001978463307023,0.5339236268773675,1.076994750648737,51.28264170140028,5463.9970818,12.289658428255487,-9.645824949698184,-2.564132085070014
542,549,1.376338293775916,1.0391023797914387,0.9999066667258739,0.738864011131227,0.758174573071301,29.982055686414242,5460.9240013,2.691709320067299,-7.0528385772913795,-1.499102784320712
450,457,1.337039883248508,1.028962177038193,0.9838785260543227,0.7428903831169009,1.293989585712552,30.14533892273903,5420.1990921,2.9235511092534248,-6.867248062015501,-1.5072669461369514
473,480,1.23472252022475,1.0632813101634384,0.981870817169547,0.6372471796348691,0.8739559343084693,28.482172042131424,5400.9221645,2.9172484765715385,-7.425380091795755,-1.4241086021065712
525,532,1.0001228153705597,1.0548658860847355,1.0099557134509087,0.5172406835481524,0.7883801460266113,37.00267173349857,5390.0433774,9.030542678869612,-7.690601065601068,-1.8501335866749287
65,65,1.3271383354440331,0.9467516975477338,1.0019393921270967,0.9658230859786272,1.1165941040962934,36.77162826061249,5371.0515478,5.897439781272755,-4.362059787059787,-1.8385814130306244
429,436,1.422040505334735,0.949628683179617,1.0089162926003337,0.7421943414956331,1.1164541123434901,35.35991013050079,5365.5376045,8.095566477638679,-4.33516995614035,-1.7679955065250397
428,435,1.1927529089152813,1.0232440430670977,1.0122372924163938,0.5146776381880045,0.952736203558743,54.27793379873037,5325.2721783,20.938566964025622,-6.7787837837837825,-2.7138966899365187
434,441,1.2204008614644408,1.0553270604461433,1.0139973751083016,0.5552321337163448,1.317368496209383,28.284061700105667,5280.2147918,4.382806492930983,-6.720186781609196,-1.4142030850052834
306,313,1.2867720015347004,0.9971281128004194,1.0183138215169312,0.6625563958659768,1.138392373919487,29.72868997603655,5277.9843552,5.105570484971752,-5.357629939862545,-1.4864344988018274
624,631,1.0831237668171525,0.9836713667958975,1.0074366961419583,0.5569745115935802,0.9232286689803004,29.86837573349476,5205.6615312,6.59136528046523,-5.138247863247863,-1.493418786674738
36,36,0.9411911703646183,0.9659817790612579,0.9803052452579141,0.5634689815342426,1.3531003957614303,31.91870279610157,5185.0381278,7.798766947866936,-4.915379213483146,-1.5959351398050785
52,52,1.3187904031947255,0.9452186582610012,1.0066356428340077,0.7473938800394535,1.4948070785030723,33.92023701220751,5176.7260002,7.488656400133039,-4.172670583384869,-1.6960118506103754
638,645,1.26441512349993,1.0944743970409037,0.9905624471232295,0.5784392114728689,0.6671212278306484,26.59565631300211,5163.1515196,2.5986520182082185,-8.18094405594405,-1.3297828156501055
325,332,0.6254181005060673,1.0154487252235413,1.0188960524275898,0.5949203474447131,1.498344293795526,31.610922068357468,5146.5754609,6.66522999095484,-5.94490231990232,-1.5805461034178734
392,399,1.3966294880956411,1.0970780216157436,1.0113934415206314,0.5112686986103654,1.1522932229563594,25.952872596681118,5073.1391276,3.3004904049516814,-7.551755803702617,-1.297643629834056
223,228,1.4104480668902397,0.9393046019598842,1.0133467239141465,0.8250990323722363,1.461308354511857,37.812303490936756,5050.8125617,8.73301972934949,-3.910519801980199,-1.8906151745468378
107,107,1.1965719228610396,1.091201905347407,0.9981427244469523,0.503352677449584,1.2507985476404428,26.430335268378258,5040.9439072,3.654146917438295,-7.5153908316191576,-1.3215167634189129
312,319,1.2195099871605635,0.9438581876456738,1.0025335843116046,0.8945320211350918,1.0222459668293595,32.088227570056915,5039.2981008,5.248986903557238,-4.069927536231883,-1.6044113785028458
171,175,1.4688293850049376,0.9617462353780866,1.0150385338813066,0.506131349131465,1.2963401600718498,35.68733688443899,5014.8781466,10.457689226253764,-3.916310307017544,-1.7843668442219496
320,327,1.2549610044807196,0.97462498228997,1.0043120440095663,0.736315400339663,0.6928992783650756,29.67055294662714,4994.0874588,4.89890096740633,-4.839115743384733,-1.483527647331357
623,630,0.7953616846352816,0.9670143485069276,0.9908761562407017,0.6902978261932731,1.422873180359602,32.013825327157974,4989.2584479,6.810698401582482,-4.870570231958763,-1.6006912663578987
509,516,1.0701840445399284,1.007307479530573,0.9955147371068597,0.686786126345396,0.6979497745633125,28.774733133614063,4975.2916787,4.142378414590599,-5.583874458874457,-1.4387366566807032
378,385,1.096134009771049,0.9489073365926743,0.9807453676313161,0.6046824203804135,1.1007609777152538,32.900169268250465,4969.5896358,8.097538976638061,-4.349826803631151,-1.6450084634125233
470,477,1.2098478581756353,0.9827538700774312,0.9869781886413693,0.7845389703288674,1.1909907078370452,29.081578887999058,4963.0937319,3.878206663324358,-5.161074624024366,-1.4540789443999529
572,579,1.3822977654635906,0.9991819843649865,1.0073757797107101,0.5319611933082342,0.6981395492330194,35.024857334792614,4954.42775,8.935653718543147,-6.025038580246912,-1.7512428667396307
739,746,1.2309140162542462,1.0445540480315687,1.0005080333724619,0.6137450411915779,1.2897944618016481,27.453284487128258,4953.6788826,3.6771672499214345,-6.475305250305252,-1.3726642243564129
172,176,1.2187548661604524,0.9431984875351191,1.010702800899744,0.8676186762750149,1.1068082889541984,31.929749250411987,4939.8058434,5.647014641708543,-4.008948324905184,-1.5964874625205994
539,546,1.3659741031005979,1.054361754283309,1.0169181710481643,0.7499381275847554,0.6143604759126902,26.92616619169712,4905.2263949,1.9724356911344225,-7.222970453241539,-1.346308309584856
211,216,0.898093550466001,0.9636815806850791,1.0012610058486462,0.7158815478906035,1.21365125477314,30.957176610827446,4882.1837582,6.2464405413276225,-4.673459595959595,-1.5478588305413723
110,110,1.1389759415760636,0.9432530779391528,0.9872607988119125,0.6059483531862497,1.4125661328434944,33.67674756795168,4863.2142094,8.64453870750038,-3.926781798245615,-1.683837378397584
390,397,1.3655937146395445,1.007515873014927,1.0134230992570519,0.5213584806770086,1.1832422753795981,52.01664723455906,4828.220705,20.00566738797825,-5.872809152872443,-2.600832361727953
54,54,0.9007519073784351,1.0027398560196161,0.9960590910539031,0.5666741449385881,0.8686338420957327,38.4211316332221,4822.8990277,11.003150150443485,-6.490551115551116,-1.9210565816611052
317,324,1.1244528144598007,0.9742594512179494,1.0101124015823006,0.6799948615953326,0.8669765396043658,29.170793443918228,4819.4769067,5.4446404033055265,-4.766262376237624,-1.4585396721959114
374,381,1.1640354385599494,1.0050221724435688,1.0189112242683769,0.5975876683369279,1.2037830920889974,27.58579384535551,4819.116426,5.004476055065305,-5.439277715565508,-1.3792896922677755
62,62,0.7803012924268842,0.9946422034874559,1.012203203588724,0.5541105614975095,1.0623990157619119,38.13522156327963,4810.4881815,11.583038005089865,-5.924723101265824,-1.9067610781639814
556,563,1.2162585472688079,1.0350021978840234,0.9983380816504359,0.5225238092243671,0.7381791789084673,26.013247929513454,4794.5326158,4.2414193615056135,-6.2035559244126635,-1.3006623964756727
212,217,0.6333008455112576,0.9611959071829915,0.9844626107439398,0.7527767745777965,1.3267870983108878,32.289728447794914,4779.4477235,6.495530286700716,-4.709449621432733,-1.6144864223897457
580,587,0.873684418387711,0.9810363393276931,0.9969437899440527,0.6395817892625928,1.2596164522692561,51.81497663259506,4750.8649497,17.784145108837325,-5.333504746835445,-2.590748831629753
680,687,1.45655279699713,1.0563452357426286,0.985084368698299,0.5070389611646533,1.325169898569584,25.33430814743042,4720.5718222,3.6147267987546194,-6.670709703287889,-1.266715407371521
56,56,1.3389245960861444,0.9558331210166217,1.00870146676898,0.514972597360611,1.1530181923881173,31.420017518103123,4720.0552934,8.037024102697243,-4.000080541237113,-1.5710008759051561
635,642,1.2776144305244088,0.9464139550924302,0.985042050294578,0.708230746909976,1.2641821848228574,30.362093411386013,4719.7549583,6.1420459307100135,-4.311641414141414,-1.5181046705693007
407,414,1.4513851404190063,1.0532469065859915,0.9946999837830662,0.5707670180127025,1.4752083094790578,47.872430719435215,4655.2239971,11.664444333974522,-8.462930396149577,-2.3936215359717607
379,386,1.0784731023013592,0.9889941750094295,1.0074192069098353,0.6747217513620853,1.2659256840124726,27.8053929656744,4647.9703601,4.756044329265534,-5.1056313131313145,-1.39026964828372
79,79,0.8616718091070652,0.9595847506076098,0.9853108583763242,0.5181083083152771,0.9258105037733912,33.76497603952885,4644.5047739,9.231659975689368,-4.335232585320243,-1.6882488019764423
389,396,1.1428110226988792,1.0035801731050016,1.0017122650891543,0.669956318102777,1.0423352140933275,27.17943001538515,4642.2828402,4.06032168339721,-5.366944444444443,-1.3589715007692575
498,505,1.322781004011631,1.070550741441548,0.9882267076522112,0.556856139563024,1.0390662336722016,24.923649579286575,4634.2845182,2.9976260867946167,-6.948175621491581,-1.2461824789643288
717,724,1.0241846377030015,0.9707707004621625,0.9982252470031381,0.777438105084002,0.7810917794704437,28.354906998574734,4618.3823814,4.33863248034535,-4.636021916411823,-1.4177453499287367
114,118,1.4267478408291936,0.9452733727172018,1.016004870198667,0.9802699433639646,0.8133725747466087,29.589369036257267,4576.2723142,3.573188956972545,-4.14598069554966,-1.4794684518128633
626,633,1.1208516601473093,1.054576550796628,0.9918052918463945,0.6102837286889553,0.6904922388494015,25.501919351518154,4570.3351175,2.980121929803121,-6.6668475485189,-1.2750959675759077
337,344,1.0410097278654575,1.0499278893694282,1.0195001171156763,0.6232773074880242,0.5953892450779676,25.511445738375187,4493.3429836,3.213979761465925,-6.349886526516961,-1.2755722869187593
289,296,1.1094188755378127,0.9564078615978361,1.016203444376588,0.7171539161354303,1.4034922746941447,28.839110173285007,4436.0944744,5.737115327335934,-4.322030268418047,-1.4419555086642504
151,155,1.136724978685379,1.0784500526264311,0.9974205569922924,0.545033685863018,1.2450923761352897,24.71533052623272,4430.3094805,3.1388137919022028,-7.064534883720931,-1.235766526311636
335,342,1.0948346685618162,0.9954410700127483,1.0021610776335002,0.5639378065243363,1.093763917684555,51.54196761548519,4423.9897455,18.72759063015476,-5.610245253164557,-2.5770983807742596
557,564,1.0666743712499738,1.0927168322727085,1.0113984243944287,0.6267983559519053,0.5667735552415252,24.060105495154858,4404.9605521,2.0425091211964923,-7.384838935574225,-1.2030052747577429
59,59,1.30433985684067,0.9206802552565932,1.014132207557559,0.9954802086576819,0.8300524391233921,35.957715436816216,4391.6823799,6.836945232391766,-3.3278409090909093,-1.7978857718408108
342,349,0.9827249022200704,1.0987723203375936,1.003719730898738,0.6479731639847159,0.6773007409647107,24.04922503978014,4371.4775483,1.720844965861677,-7.605027251864598,-1.202461251989007
664,671,1.4803122282028198,1.0557073676958681,1.004271418787539,0.7375389821827412,0.7380163194611669,24.008688516914845,4362.4469885,1.6393588302659838,-6.8230472831765905,-1.2004344258457422
693,700,1.2462718170136213,0.9085768602788449,1.0155334833264351,1.318546200171113,1.408634513616562,33.0355304479599,4351.6954464,2.9408716558602044,-3.850275578326346,-1.651776522397995
275,282,1.4727651113644242,0.9564810508862138,0.9970634664222598,0.5384560385718942,1.0232702624052763,28.318661488592625,4345.0163634,6.466073339820023,-4.381047032474804,-1.4159330744296312
731,738,1.3897217055782676,0.9028386572375894,1.0053984333947301,1.245523194782436,1.3886363226920366,38.5107247158885,4341.6627738,5.140067367477915,-3.081112104949314,-1.925536235794425
3,3,1.445692427456379,0.920559610053897,1.0148744351044297,1.077546902000904,0.8797251656651497,32.458502911031246,4339.7099758,4.474503165171806,-3.5060158730158726,-1.6229251455515623
251,258,0.7360832281410694,0.9670262753963471,0.9973759076371789,0.5544053008779883,0.70449173822999,35.58609291911125,4333.3775556,9.915295108827477,-4.711982890704801,-1.7793046459555626
644,651,0.6062111863866448,0.9561590757220984,1.0118397352471948,0.599733910523355,1.2518290979787707,36.91613249480724,4301.1710241,10.79186200237714,-4.07495424388012,-1.8458066247403622
299,306,1.0049084406346083,1.0250184785574676,1.0091434321179986,0.7317478647455573,0.517497980967164,25.458128675818443,4281.860238,2.6922914405739298,-5.937308114035084,-1.2729064337909222
78,78,0.731805163435638,0.9918062118813396,0.9914873229712248,0.6520935315638781,0.5851038172841072,26.783499233424664,4256.3756593,4.641668243190841,-5.198077715934858,-1.3391749616712332
590,597,1.4484262252226472,0.9030757535248995,0.9945945712178945,1.1179131446406245,1.340440034866333,37.66958739608526,4256.2895032,6.136768627678876,-2.9189475253428734,-1.8834793698042631
472,479,1.4465166432783008,0.9010197838768363,1.0060385197773576,1.1735027628019452,1.486868136562407,38.27796030789614,4240.9719266,5.961455210259535,-2.7865419144877115,-1.9138980153948069
685,692,1.2774895494803786,0.9588091976940633,1.0094182687625288,1.035607397556305,0.5239082956686616,28.121921196579933,4240.073569,2.109251266116847,-4.918749999999998,-1.4060960598289967
414,421,0.7365872096270323,0.9567175989970566,0.9897955770418048,0.5448708711192012,0.9883923158049583,36.104376912117004,4231.6903967,10.49620912166705,-4.164054464703133,-1.8052188456058502
480,487,0.9113760022446513,0.950767169892788,0.9853244825452566,0.6484825750812888,0.6277637146413326,30.06259325891733,4225.8404759,6.737488559175715,-4.450356359649125,-1.5031296629458666
100,100,1.4226470673456788,0.9130114682018757,1.0096890771016478,1.0935352705419064,0.8170940792188048,37.9911395162344,4208.5893742,6.460451789430132,-3.1304680664916886,-1.89955697581172
464,471,1.2301377290859818,0.9963424419984221,0.9996565600857139,0.7369148889556527,1.4358689924702048,45.517859272658825,4203.5455485,12.278914156600903,-6.000156054931336,-2.2758929636329412
58,58,1.3364489255473018,0.9712023267522455,1.0012278930097818,0.5120769655331969,1.498940583318472,26.077123880386353,4201.0690655,5.594023185912527,-4.6114959192439855,-1.3038561940193176
573,580,0.9074055105447769,1.033343286253512,1.0080454944074153,0.6421179063618183,1.3087519826367497,25.84454368799925,4193.7476474,3.594525968678678,-6.064315946007775,-1.2922271843999624
734,741,1.384738934226334,0.9143756680190563,1.0010717660188675,1.1063008243218064,0.6237989477813244,32.48496703803539,4170.9436403,4.476389312765047,-3.474142857142857,-1.6242483519017696
403,410,1.1913760732859373,0.9533361041918398,0.9992328296601772,0.5051648756489158,0.8628504853695631,29.579393230378628,4135.9354853,7.391373011985658,-4.0943256578947365,-1.4789696615189314
240,245,0.5978321079164743,0.9903700677677989,1.006546447686851,0.5482816537842155,1.2368087880313396,26.590221785008907,4115.661914,5.800668644025103,-5.07947928331467,-1.3295110892504454
409,416,0.8625236721709371,1.0373562945052983,0.995289827696979,0.5845551714301109,1.3832019716501236,25.314135402441025,4113.1578407,3.8659057115417315,-6.210103785103783,-1.2657067701220512
463,470,0.855925302952528,0.9408017229288816,0.9940388043224812,0.9894038578495383,0.6513277040794492,28.598564714193344,4076.4676468,3.5045170236156644,-4.163148393751841,-1.4299282357096672
191,196,1.187785867601633,0.9166889082640409,0.9887420615181327,0.7675082199275494,1.4137995252385736,35.83054892718792,4047.6769802,8.616813285159832,-3.0936468646864688,-1.791527446359396
377,384,0.63514094799757,0.9886642372235657,0.9853877795487642,0.5425836453214288,0.6199855739250779,25.870057828724384,4044.6728668,5.35130838789952,-5.132390817469205,-1.2935028914362192
43,43,0.9394340142607689,0.9979425536468626,1.0103438707441093,0.592434081248939,0.594366192817688,39.813787154853344,4018.0958781,12.255346345334063,-6.296994671994674,-1.9906893577426672
99,99,0.6730933301150799,0.9858242798596621,0.9983407151699066,0.5658481866121292,0.8546438300982118,39.283856600522995,4017.7592512,12.648043387873306,-5.736036392405064,-1.9641928300261497
142,146,0.8194004017859697,1.0559891534969212,0.9918870032578707,0.5448792604729533,0.6714147347956896,50.95307070761919,4009.4351122,13.204997631710418,-9.051523870417734,-2.5476535353809595
46,46,0.6218091864138842,0.9398065051063895,1.0136257433891296,1.0797257516533136,1.0936749167740345,45.353210270404816,3966.2325775,10.58449750279222,-4.017679708119857,-2.267660513520241
324,331,0.6177998222410679,0.9692903885617853,0.9857853385061025,0.6661345837637782,1.153273911215365,58.35988957434893,3944.1421582,23.584595288083833,-4.1458594566353195,-2.9179944787174463
571,578,1.4648109236732125,0.9043187817558647,1.0068293197080493,0.9947716761380434,1.3579706512391567,36.82377349585295,3908.9612989,7.372082418013254,-2.66941556710649,-1.8411886747926474
538,545,0.6939863357692957,0.9907679194584489,1.0165319131314754,0.8239625748246908,0.6178180454298854,25.530425496399403,3898.3406851,3.051212994229536,-5.042744833782567,-1.2765212748199701
501,508,1.361121249385178,1.0189196413382888,0.982695352807641,0.6367365112528205,0.8100245641544461,22.696461863815784,3893.1652821,2.726952892209573,-5.585615335051548,-1.1348230931907892
687,694,0.82817792147398,0.929593012854457,1.018366461582482,1.2518106251955032,1.1518463995307684,56.43788021057844,3892.4017641,8.913364193877761,-3.3305654465175905,-2.821894010528922
499,506,1.476043539121747,0.9673520758748055,1.0037767607346177,0.8357094042003155,0.888556026853621,45.42961906641722,3877.5394811,12.621518521463567,-4.943111039518899,-2.271480953320861
395,402,0.7588594174012542,0.9859202146530152,0.9999976934865117,0.6529471594840288,0.6366062965244055,24.77146603167057,3866.45873,4.292894834792504,-4.935420792079208,-1.2385733015835285
205,210,1.1302698571234941,0.9201701922342181,1.0114569061994554,0.8435699148103595,0.7656321236863732,34.621080942451954,3860.5969439,8.030517651902983,-3.2864353729500975,-1.7310540471225977
63,63,0.6881513493135571,0.9646883955225349,0.9881801388785243,0.8024140801280737,1.4605689588934183,26.893850192427635,3860.0020521,4.234059239195381,-4.493343790218789,-1.3446925096213818
125,129,0.8259444106370211,0.924958580546081,0.9876982291415334,0.6775023937225342,1.1470386134460568,36.71759109944105,3845.7888797,9.71166635581004,-2.966868823000898,-1.8358795549720526
599,606,1.331343182362616,0.9328947871923448,0.9813694440573454,0.6204933980479836,0.6431342773139477,35.15683423727751,3833.4827914,9.665910738810064,-3.4328960396039605,-1.7578417118638754
282,289,1.0851074578240514,0.9197076244279743,0.9971235939115286,0.7297080550342798,1.2260985197499394,36.8467440828681,3831.6181628,9.606474637264949,-2.7628288335064033,-1.842337204143405
549,556,1.1669170884415507,1.0044001692906022,1.0141235504299402,0.7308864621445537,0.7904240321367979,23.339911624789238,3829.2780419,2.8103596624428295,-5.211924868957484,-1.166995581239462
200,205,1.086492983624339,1.0648667056113483,1.0013468484953045,0.5158475423231721,0.709068400785327,21.83965679258108,3773.5131339,2.846846003113501,-6.251522933588153,-1.091982839629054
280,287,0.7194931032136083,0.9184517251327634,1.0093569155037403,0.9322765143588185,1.4960012007504702,32.11560100317001,3753.4905138,6.331233147379234,-3.3249359065660165,-1.6057800501585007
129,133,1.3052883613854647,0.9160534299910069,1.0118873113766313,0.8619882138445973,0.7887745136395097,38.78671567887068,3737.8780587,10.04170256087911,-2.82129854368932,-1.939335783943534
419,426,1.349286968819797,0.9482708275318146,0.9996909803897143,0.6374183176085353,1.3995791096240282,41.256946101784706,3707.528698,13.2179054529684,-3.6649945175438603,-2.0628473050892353
330,337,1.1794023215770721,0.9177711708471179,1.0037272457405926,0.7493469258770347,0.6880401810631156,35.57846840471029,3663.4245523,9.539264498269223,-2.835721213189914,-1.7789234202355146
482,489,0.8613679213449359,0.9209817912429571,0.9956552877649665,0.6824197182431817,1.3670231020078063,34.39595978707075,3651.2152677,8.808034858913226,-2.893064209068881,-1.7197979893535376
601,608,1.2750643165782094,0.9742706373333931,0.9861553345248103,0.6742748012766242,1.2135202987119555,23.419336564838886,3651.1103984,3.6914505986838617,-4.768564356435642,-1.1709668282419443
70,70,1.3504749480634928,0.9651504620909691,0.9926678333804011,0.7695891885086894,1.267171235755086,45.78445669263601,3641.2747209,13.732649633981588,-5.073576353421859,-2.2892228346318007
213,218,1.4130615387111902,1.0042021993547678,1.0050316734984517,0.7568783396854997,1.2122990926727653,22.783195711672306,3635.0219583,2.456632383514077,-5.209856272606132,-1.1391597855836153
604,611,0.5224308371543884,0.9813586506992579,1.0170257937535643,0.7404119176790118,0.8656560247763991,47.325072698295116,3631.0368426,13.893632028129318,-5.538620448179271,-2.366253634914756
326,333,1.452447005547583,0.9388182951137424,0.993150435872376,0.6977731743827462,0.9193147821351886,26.453012824058533,3623.9434012,5.222266314743506,-4.028504043126685,-1.3226506412029266
246,251,0.6258138129487634,0.9243258126080036,0.999728363007307,1.0258812587708235,1.4411000814288855,29.00450423359871,3623.3403044,4.3689645128967,-3.6680599265670075,-1.4502252116799355
596,603,1.416416596621275,0.9124882768839598,1.0072031331062317,0.8389723543077707,1.3616496436297894,34.12061098963022,3589.6295784,7.456403487785541,-3.0046945309795774,-1.7060305494815111
714,721,1.1908053224906325,0.9599971301853657,0.9894424626231193,0.8778544133529067,1.2354415394365788,23.998885564506054,3569.1496664,2.8122995839871296,-4.448499839124838,-1.1999442782253027
555,562,1.3817238388583064,1.0159589936956763,0.9825162762403488,0.7200091257691383,1.159055557101965,22.197066992521286,3568.734987,2.2558850590497492,-5.497601010101009,-1.1098533496260643
98,98,1.4590452620759606,0.9740674627944828,0.9844567388668656,0.7076979363337159,1.4716951344162226,22.710499055683613,3553.9325844,3.2281839767816614,-4.724724607916356,-1.1355249527841806
189,194,0.7220120299607515,0.9303563430905343,0.9994654325023293,0.8575256261974573,0.5354614946991205,29.565726965665817,3546.5659173,5.618838776862907,-3.7709788852662625,-1.4782863482832909
589,596,1.021444233134389,1.000107230618596,0.9957039780914784,0.67160155903548,0.8966536186635494,50.9906829893589,3544.6602384,14.046341391986482,-6.728728070175438,-2.549534149467945
477,484,1.2636355012655258,1.038220120035112,0.9878862722963094,0.5888362759724259,0.7728513451293111,21.09188660979271,3537.0326512,2.4838979317493024,-5.689245060137459,-1.0545943304896355
89,89,1.4160653492435813,0.9270552281290293,0.9865903206169605,0.837014265358448,1.3452886380255222,26.143673099577427,3518.0170446,4.4966984196842015,-3.7277089671157464,-1.3071836549788713
721,728,0.7518155965954065,0.91461320258677,1.0136334911733866,0.9343154896050692,1.4401760334149003,31.97136126458645,3510.0710654,6.332625634472407,-3.1899124056402224,-1.5985680632293224
138,142,0.5903405426070094,0.9104797143489123,0.9885860693082213,1.0253105349838734,1.2629974195733666,30.91712161898613,3498.2072551,5.182082491188827,-3.304383827021622,-1.5458560809493065
48,48,0.5054976996034384,0.958982701972127,1.0177156164124608,0.7485401686280966,1.2519619036465883,26.128761433064938,3463.0483461,5.130441176121771,-4.219245204336947,-1.3064380716532469
478,485,1.152462917380035,0.9576820483431221,0.9908966670185327,0.7642620224505663,1.2467053607106209,51.15129817277193,3449.69429,14.506737005834479,-4.840920155793572,-2.5575649086385965
224,229,1.4267929457128048,0.9901251075789332,1.0120742984488607,0.8160654669627547,0.69741150457412,21.872143894433975,3445.1969889,2.155598252534712,-4.882714688767412,-1.0936071947216988
723,730,0.848675362765789,0.9441205453127623,0.999303052648902,1.0486487681046128,0.6658125007525086,24.9620421230793,3432.0842422,2.2863272985384313,-4.36451090391909,-1.248102106153965
234,239,1.112063511274755,0.9535497590899468,0.9961318635940551,0.8888839324936271,1.258787170983851,49.86601773649454,3406.1099417,13.281067561575354,-4.430859457184935,-2.493300886824727
559,566,1.2250515716150403,0.9308969335630537,1.005088270418346,0.629453363828361,0.5115941036492586,38.20551246404648,3396.3483646,12.324239676043655,-2.61541769041769,-1.910275623202324
148,152,0.7075928403064609,0.9252526095137,0.9994675991684199,0.727293991483748,0.783498028293252,32.26476352661848,3374.1067756,7.504245854154785,-3.573670377241806,-1.613238176330924
432,439,1.0090356366708875,0.9187313703820109,1.0137806630134583,0.7182197785004973,0.5155450236052275,36.872463300824165,3358.6273482,11.185058422646977,-2.3004531388152083,-1.8436231650412083
597,604,1.0621906938031316,0.9299765119329095,0.9980519250407816,0.7959891268983483,0.6319724759086967,27.309427671134472,3354.5800799,5.295089360458021,-3.8100122850122853,-1.3654713835567236
608,615,1.2567518362775445,1.0367240469902754,0.9869288707152009,0.746616548858583,0.5391197977587581,20.514288917183876,3349.746195,1.5052658453581385,-5.641905940594058,-1.0257144458591938
72,72,1.3629055507481098,0.9209703389555216,0.987569647692144,0.6055380888283253,1.4285992868244648,36.36815045028925,3344.5275611,10.455456102564444,-2.3117128935532234,-1.8184075225144625
198,203,0.6073229871690273,0.9232425162568688,1.0014593124389648,0.6555492943152785,1.4170285016298294,32.534179762005806,3341.5721004,8.27295179984389,-2.9860894773277957,-1.6267089881002903
744,751,0.8628595778718591,1.0189454618841411,0.9834265788272023,0.5300609478726983,0.6794071374461055,20.9454882517457,3325.9587332,3.2059170081135124,-5.336903994845363,-1.047274412587285
130,134,1.1174103543162346,0.9555204236879945,1.0108902307599783,0.6098441006615758,1.1091792564839125,23.949357233941555,3310.0970012,5.047071528379688,-4.285794020578528,-1.1974678616970778
639,646,1.315235648304224,0.9305177422240377,1.0076648189127446,0.5316347787156701,1.0574420932680368,35.35617720335722,3278.6607346,10.450144170698563,-2.3493707093821508,-1.767808860167861
534,541,0.759878016076982,0.9201497441157699,0.9931046760454774,0.6435933168977499,0.9841726729646325,34.086266569793224,3278.033321,8.854467364390665,-2.696867321867322,-1.7043133284896612
73,73,0.5210920786485076,0.9374033082276583,0.9862546204775572,0.786060031503439,0.5230916757136583,42.00299005955458,3276.3291453,13.351534667308899,-4.04429181929182,-2.100149502977729
106,106,1.0503028510138392,1.0326472932472825,0.9852766285091639,0.5266452580690384,1.376428859308362,21.50398053228855,3272.810429,3.258913553102402,-5.711364676275451,-1.0751990266144276
336,343,0.9523080782964826,0.9133727079257369,0.9963450989127159,0.8037335583940148,1.1307374378666282,31.877281181514263,3250.4924638,6.910540743100454,-3.230096102980073,-1.5938640590757132
201,206,0.9104867810383439,0.9798577094450593,1.0105560925602912,0.8042306294664741,1.4028138760477304,23.013126365840435,3241.2245351,3.048212658165956,-4.663672273190623,-1.1506563182920218
304,311,1.1578819816932082,1.0106689121574164,1.017139733582735,0.6152121517807245,0.7816815534606576,20.60107585042715,3233.8554665,2.8638182851057175,-5.094628712871287,-1.0300537925213575
492,499,0.7121249539777637,0.9996736995875836,0.9900962920859456,0.5615853611379862,0.5128915682435036,21.341669037938118,3213.0704558,3.6149834620472356,-5.087286976646327,-1.067083451896906
547,554,1.3829131964594126,0.9886856652796269,0.9868635662272572,0.7581851044669747,1.3515642192214727,21.537314765155315,3211.5399823,2.455210980310491,-4.8531671159029655,-1.0768657382577658
66,66,0.9425745494663715,0.9329007925465703,0.9992316554486752,0.5310566164553165,0.6839080024510622,36.54341857880354,3209.6840319,11.263008614359515,-2.479668304668304,-1.827170928940177
85,85,0.944309395737946,0.92886758223176,1.0074926371499897,1.0135694639757276,0.8503394406288862,48.13335616141558,3205.6535624,13.288344451329493,-3.3060467055879896,-2.406667808070779
622,629,0.768711656332016,1.0526679432019592,1.0070512192323804,0.5221601696684957,0.9469971936196089,20.942435041069984,3184.8493503,3.08129014410362,-5.801178728070175,-1.0471217520534992
64,64,1.4411054085940123,0.919736715219915,1.0054510188475252,0.8283978551626205,1.2163974344730377,42.41747185587883,3157.2530844,11.989544410113167,-2.4976855933697766,-2.1208735927939415
592,599,0.6839927835389972,0.9387947540730238,1.0008410501852631,0.6781044891104102,0.7020964045077562,27.245451360940933,3147.1543627,6.165983214955808,-3.980558728345707,-1.3622725680470467
346,353,0.9022837001830339,1.057662358507514,0.9991729801520706,0.5657213134691119,0.9583553709089756,20.460084713995457,3131.9965608,2.523043062064052,-5.8052545760572265,-1.0230042356997728
285,292,0.742497175000608,0.979288299754262,0.9965506065264345,0.7092118915170431,0.6092439228668809,21.549497954547405,3130.6104638,3.2637669103598475,-4.708218864468866,-1.0774748977273703
468,475,1.1090660598129034,1.0656829310581089,1.0091124133765697,0.5416326224803925,1.1663666367530823,20.309728682041168,3127.8977908,2.5453795670449257,-5.836024616031976,-1.0154864341020584
220,225,0.895039745606482,0.9308689823374152,1.0176100205630063,0.9538970431312919,0.7122906511649489,46.11088290810585,3116.8945847,13.686274345881898,-3.298629829290207,-2.3055441454052925
720,727,1.2469874676316977,0.9675665160641075,1.0173218924924732,0.6169694429263473,0.5610098205506802,44.27909631282091,3087.6550503,15.834589047993298,-4.290605493133585,-2.2139548156410456
92,92,0.5921036638319492,0.910397270321846,1.0148625276610255,0.9326614504680037,1.1770189087837934,31.75521444529295,3083.8033417,6.262519198928033,-3.0460609243697476,-1.5877607222646475
394,401,1.3696037521585822,0.9186510298401117,1.0067044663056732,0.8040370177477598,1.2835533926263452,27.228043228387833,3083.1255284,5.479726086004544,-3.4978080759330767,-1.3614021614193916
563,570,1.1097336849197745,0.9854372477158905,1.013280727416277,0.5426503885537386,0.802143064327538,43.39144755154848,3082.900953,15.250186468732888,-5.065231092436976,-2.169572377577424
611,618,0.7891561780124903,0.919328273832798,0.9916748517006636,0.5983010567724705,0.5741138132289052,34.491283893585205,3073.8381657,10.0052041792971,-2.355003748125937,-1.7245641946792603
217,222,1.4075597422197461,0.9062332281842828,0.9835802336782217,0.7656617360189557,1.2456392496824265,32.00830813497305,3048.3947731,7.001238477203619,-2.9479110512129374,-1.6004154067486525
160,164,1.1863812170922756,0.9970907414332033,1.011427493840456,0.6124622859060764,1.1154071623459458,20.56323867291212,3031.9824085,3.138586775911901,-4.886793826441466,-1.028161933645606
484,491,1.1652543293312192,0.9186823194846511,1.0052167904004454,0.638556931167841,1.3899750337004662,33.85736182332039,3022.3362329,8.954849248982624,-2.4120431771293838,-1.6928680911660194
628,635,1.417982236482203,1.0098638789728285,1.0098884483426809,1.0454182783141732,0.5857774810865521,20.46614196151495,2973.6720038,0.37977095565094937,-5.751422895189002,-1.0233070980757475
123,127,1.2724939985200763,0.9443113591521979,1.015405251979828,1.0537221729755402,1.2847282076254487,22.617009580135345,2934.639705,2.0893282374527,-4.227135774218153,-1.1308504790067673
732,739,0.9550305241718888,1.029513244703412,0.9823972087725997,0.6241672271862626,1.2883923361077905,20.519057996571064,2920.7073683,2.5759655338165777,-5.4229950495049515,-1.0259528998285532
111,111,1.0076558841392398,0.9576752563938499,1.006445815898478,0.5445062955841422,0.6519205337390304,42.44321685284376,2920.1409051,16.04541992662617,-3.48193191580756,-2.122160842642188
34,34,0.918826388195157,0.933939165994525,1.0187844643369317,0.7192231146618724,1.2135251453146338,42.63284768909216,2905.1611187,14.368190826258996,-2.604685877466251,-2.131642384454608
266,273,0.937011232599616,0.9629298714920879,1.0183056227862834,0.6495964331552386,1.3962654452770948,53.04782725870609,2893.0098279,19.116687333968052,-3.2251918859649122,-2.6523913629353046
95,95,1.2846777383238077,0.9459026591852308,0.9970118740946055,0.5824968665838242,0.8634293861687183,43.539750538766384,2888.0274343,16.711291308145576,-2.926155115511551,-2.176987526938319
340,347,1.3577560828998685,0.9632724476978183,1.0188669258356096,0.5922085735946894,1.0487128691747785,20.84501836448908,2881.1337826,3.8495964795816744,-4.309255974607916,-1.042250918224454
158,162,0.8138728840276599,0.995360209979117,1.016819473579526,0.6160617647692561,0.8246410712599754,20.204068161547184,2863.4889948,3.291202821673551,-4.837531547272375,-1.0102034080773592
410,417,0.6298117358237505,0.9454738384112716,0.9915830196812749,0.5873542772606015,0.6630916558206081,24.088244028389454,2859.0991477,5.52154075132322,-4.088744903902155,-1.2044122014194727
195,200,1.1555348373949528,0.9179198134690524,0.9923680350556969,0.6088793147355318,1.054817740805447,35.76880291104317,2807.9068564,10.080834099151655,-2.0913050964187327,-1.7884401455521584
190,195,1.4346662387251854,0.9156085984781385,0.9886283567175269,0.598009567707777,1.3896694788709283,32.43326388299465,2806.7651431,8.250942782610567,-2.467559970014993,-1.6216631941497326
307,314,1.066037287004292,1.0112911617383362,1.0128479647636415,1.068431274034083,0.5025936309248209,20.018576197326183,2777.2237706,0.2842890557458375,-5.654942279942279,-1.0009288098663092
105,105,1.3291563959792256,0.94395115301013,0.9917046810686588,0.562107015401125,1.3835283173248172,43.34142856299877,2742.0724454,16.414808744762784,-2.7685158221704524,-2.1670714281499386
45,45,0.5073425713926554,0.9344417560845614,1.0043818660452961,0.7077478999271989,0.8035581158474088,25.47294918447733,2739.8758351,5.675585841717788,-3.7788608562691124,-1.2736474592238665
112,116,0.6651829881593585,0.9556508921086788,0.980222095772624,0.8040864244103432,1.4721419820562005,22.185847088694572,2727.3377071,3.4452058061488375,-4.298710073710073,-1.1092923544347286
215,220,1.314314159564674,0.9193608341738582,0.9893278344348073,0.5663719531148672,0.9628985375165939,35.496774315834045,2714.1090242,10.19622773295402,-2.0249139118457293,-1.7748387157917023
227,232,0.6109642265364528,0.9072169268503786,0.9964842185005546,1.0543841840699315,0.5303585948422551,27.480276823043823,2701.2976711,4.226077839339348,-3.3074279312015507,-1.3740138411521912
388,395,0.5559251010417938,0.9344286821782589,0.9838719264045358,0.568590191192925,0.6389337265864015,26.08724933117628,2697.6077355,6.290572907850106,-3.801064356435643,-1.304362466558814
131,135,1.0635256338864565,0.9392919935286046,1.0013927300274372,0.5135886501520872,1.2591337077319622,23.061120808124542,2693.7530811,5.407613919100898,-3.7585184839432406,-1.1530560404062271
50,50,1.0440071457996964,0.9185974426567555,0.9979033135995269,0.8263318436220288,0.7534130932763219,42.85333801060915,2693.1315738,13.268317827922221,-2.4882957150414384,-2.1426669005304575
236,241,1.197140728123486,0.9736175371333957,1.0194127813354135,0.553049597889185,1.3454911252483726,20.445196218788624,2692.0855611,3.9348241801758093,-4.4729906814210825,-1.0222598109394312
298,305,0.9720202339813113,0.9228650132194162,0.9917651722952724,0.6280958261340857,1.255048613063991,26.0785199329257,2687.2368723,6.026363582029294,-3.5266290141896945,-1.303925996646285
520,527,1.247794252820313,0.9500069351866842,0.993981065377593,1.0833886424079537,0.5468304874375463,20.434148870408535,2675.8214895,1.3245497486587057,-4.51148874061718,-1.0217074435204268
412,419,0.7710734661668539,1.0132246224209667,0.9923349757120014,0.8819477334618568,0.9593972470611334,20.008611604571342,2660.233975,1.3510307036752043,-5.365957548067771,-1.0004305802285671
209,214,0.7825093548744917,0.9573341088369489,0.992742791250348,0.5299959685653448,0.9690112229436636,20.720541961491108,2589.2950327,4.449060060496466,-4.195197982105464,-1.0360270980745554
577,584,0.7850855831056833,0.9741513965651394,0.982230003029108,0.5574681721627712,0.9932164708152413,54.861132614314556,2583.4571584,23.710089267394174,-4.117065663474692,-2.743056630715728
55,55,1.0547163682058454,0.9238025238737464,0.989456294812262,0.731316058896482,0.5943509116768837,44.10776004195213,2554.6820326,16.237877519156726,-2.1498020493712153,-2.2053880020976067
448,455,0.8649293277412653,0.9197055710479617,1.0006420396640896,1.2143177799880505,0.6148059824481606,21.624385081231594,2519.9876242,1.6882120195142425,-4.034688905547226,-1.0812192540615797
102,102,1.311517097055912,0.9135772766545415,1.0146843153238296,0.7721764072775841,0.7185808960348368,27.713052853941917,2517.3903755,5.700402945470604,-3.2719376486578327,-1.3856526426970959
617,624,0.5116796428337693,0.9025615584105253,0.9919141552969813,0.8135854443535209,0.9623873801901937,36.74899037927389,2503.3459621,8.844050035475233,-2.008316115702479,-1.8374495189636946
725,732,0.8307467075064778,0.9262696696445346,1.0061712351068854,0.5538753615692258,0.5290137808769941,27.080901078879833,2456.355581,6.437373778382665,-3.2113163463233994,-1.3540450539439917
443,450,1.4068894730880857,0.9116887301206589,1.0100715716183186,0.6944146053865552,0.9207575041800737,33.45116678625345,2425.6094841,8.19597690008597,-2.240685261707989,-1.6725583393126726
166,170,0.7172262640669942,0.9100703846663237,0.9901427022740245,0.8949144268408418,0.9043459044769406,23.538018353283405,2423.0390355,4.290723109679937,-3.3745258095109065,-1.1769009176641703
587,594,0.9694816470146179,0.9027725065127016,0.9834272376075387,0.9026466691866517,1.4425334092229605,24.682553336024284,2416.3390534,4.554836836692636,-3.1968225806451604,-1.2341276668012142
119,123,0.7361595593392849,0.9486353132873774,0.9890588479116559,0.5908298557624221,1.0207878462970257,20.434652492403984,2403.6677523,4.250006483469237,-4.047461814914645,-1.0217326246201992
424,431,0.8723605629056692,0.9142303902655841,0.9829627930745483,0.9907094920054078,1.1084893867373466,22.15157724916935,2393.9096596,3.1752917935291203,-3.529920634920635,-1.1075788624584675
185,190,1.4550065593793988,0.9221339296549559,1.0173378125205637,0.6957808928564191,0.5875053396448493,22.90231753140688,2392.1613983,4.496488178058959,-3.4148932112890926,-1.145115876570344
536,543,0.7970254346728325,0.903568134456873,0.9832742851227522,0.6669209487736225,1.151872611604631,29.084463864564896,2383.7002041,6.627301823419466,-2.5764492753623185,-1.4542231932282448
71,71,0.579077236354351,0.9269151048734784,0.9954483704268933,0.5991213666275144,1.4089091550558805,39.52384456992149,2375.4707139,12.64582350685922,-2.0601053639846745,-1.9761922284960747
689,696,1.3202419094741344,0.932028958760202,0.9979337969794869,1.3000813946127892,0.5509106023237109,20.049956664443016,2364.6337158,0.7026458496007898,-4.46090299014611,-1.0024978332221508
703,710,0.5886154938489199,0.9077732101082802,0.9803708019480109,1.264854583889246,1.0798438685014844,22.006170824170113,2304.14453,1.8146064150108383,-3.863881645661306,-1.1003085412085056
453,460,0.7152384035289288,0.9047134008258582,1.008930249027908,0.7013249332085252,1.4398377239704132,29.476050287485123,2274.684399,6.801727257855054,-2.371332431277595,-1.4738025143742561
743,750,1.2738869274035096,0.9135835802182556,0.9995965282246471,0.5922613814473152,0.9522894313558936,29.25579994916916,2258.762091,6.728681241072143,-2.611384439359268,-1.462789997458458
625,632,1.089073246344924,0.9108912952244282,1.0026501527428626,0.9134826511144638,1.3513311939314008,22.100548818707466,2252.2798657,3.7625288949359463,-3.371468079434893,-1.1050274409353733
724,731,0.771865432150662,0.9313773911446334,0.986588383950293,0.9254377642646432,1.250950925052166,20.450424551963806,2239.261905,2.981078990743105,-3.863881645661306,-1.0225212275981903
127,131,1.2161067593842745,0.9252586517482996,0.997767206132412,0.6438660323619843,0.7538148369640112,20.697271525859833,2235.6264876,4.036195415443511,-3.5656633906633908,-1.0348635762929916
544,551,0.5754825156182051,0.9111321246251464,1.0016191904246807,0.5615090299397707,1.2141174478456378,28.20883173495531,2176.1192488,6.760211759227425,-2.34311974789916,-1.4104415867477655
318,325,0.6493680467829108,0.9177667969837785,0.9919682781398296,0.5494930557906628,1.4168155705556273,34.85317166894674,2149.625908,9.26591956802756,-1.7928412698412697,-1.7426585834473372
21,21,0.5160212339833379,0.9282957075163722,0.9993545338883996,0.6176342014223337,0.938207047060132,40.71539685130119,2133.889486,14.753719429591122,-2.0429376657824934,-2.0357698425650597
140,144,0.7901655174791813,0.9197622761130333,0.9943717272952199,0.7760578682646155,1.1195808742195368,20.64424354583025,2099.6418774,3.931146315743657,-3.5595210371060397,-1.0322121772915125
77,77,1.389435263350606,0.9130601862445474,0.9915761848911643,0.5921292109414935,0.9692108258605003,34.06830955296755,2080.7034361,8.692802947094908,-1.9043968253968255,-1.7034154776483774
101,101,1.186489224433899,0.9287737412378192,0.9965344984829426,0.6570154465734959,1.3786977585405111,44.15258649736643,2065.5924306,17.31331701403178,-1.877745995423341,-2.2076293248683214
67,67,0.9913825513795018,0.9211057901382447,1.017327289953828,0.5687223728746176,1.4506505783647299,23.05855493992567,2055.1472148,5.254926949436695,-3.101362366092222,-1.1529277469962835
136,140,1.1114881755784154,0.9005479365587234,1.010743993371725,1.2622291836887598,1.4975959975272417,22.050086967647076,2042.4216007,2.1745948806441784,-3.458861343503938,-1.1025043483823538
456,463,1.373660620301962,0.9122595276683569,0.9938348830491305,0.7625009631738067,1.0296564754098654,20.961414091289043,2019.8913751,3.776066711394685,-3.4361706256792433,-1.0480707045644522
315,322,1.002128697000444,0.9384470524266363,0.9979474150389432,0.8272286951541901,0.6973214214667678,54.83315855264664,1989.2614244,20.089199899140727,-3.946249282845669,-2.741657927632332
164,168,1.065682034008205,0.9128374677151442,0.9943957881629467,0.5671349475160241,1.4651276106014848,32.50747878104448,1986.1748782,7.993143502874092,-1.944238095238095,-1.6253739390522242
459,466,0.8451540200039744,0.9134799659252167,1.005154975093901,0.5341953076422215,0.8527881233021617,29.248976707458496,1944.9097584,6.88929739550622,-2.189320552770628,-1.4624488353729248
187,192,0.8367747953161597,0.9163199679926038,1.017548158802092,0.861587074585259,1.096139824949205,43.947575092315674,1940.6634663,14.98747871134267,-2.025993253373314,-2.1973787546157837
128,132,0.73690474499017,0.9119704153388739,0.9804184546694159,0.6317868568003178,1.3882212163880467,37.041073851287365,1926.9423982,10.632764331425536,-1.6965085998062015,-1.8520536925643682
585,592,0.5285379234701395,0.9151177443563938,1.0040702806413173,0.7205391461029649,1.2075008675456047,21.984063424170017,1880.1565935,4.81603634216535,-3.3453386422136426,-1.0992031712085009
451,458,0.5569424238055944,0.9080942586064339,0.9990175091475249,0.5179140716791153,0.9034671811386943,24.777275323867798,1804.0893971,5.403831995538456,-2.52363321544356,-1.23886376619339
600,607,1.1094645410776138,0.9250802852213383,1.0053235168755055,0.5290789315477014,1.22449354454875,36.62603169679642,1772.2721445,10.804668925053114,-1.612657792775903,-1.8313015848398209
263,270,1.1495541548356414,0.9046618374064564,0.9915621986985207,0.6506152879446745,0.619217412546277,24.32366967201233,1769.5040093,4.913178896557272,-2.986587033462034,-1.2161834836006165
455,462,0.54018569085747,0.9030244255438448,0.9910913896560669,0.5380757646635175,1.275534269399941,25.529278963804245,1765.672824,5.708941207285793,-2.279857065438287,-1.2764639481902122
27,27,1.4231991171836853,0.9070772726088763,1.00724274225533,0.653528967872262,1.2586815375834703,24.626797661185265,1758.7742957,5.00631165891145,-2.9333715233881157,-1.2313398830592632
244,249,1.0934722684323788,0.9095439558848739,0.9909203733876347,0.5881836181506515,0.5172041356563568,32.50347677618265,1726.654406,7.4115571293337945,-1.890209768700787,-1.6251738388091326
562,569,0.912908629514277,0.901596855558455,1.005855098851025,0.6400209339335561,1.3787189731374383,27.732320427894592,1725.0024296,6.025396280662495,-2.1943515604510884,-1.3866160213947296
550,557,0.5813085241243243,0.9097485471516847,1.009145500548184,0.621912308037281,1.1777060190215707,32.743794582784176,1617.5340594,7.193083804427096,-1.6905758714969241,-1.6371897291392088
578,585,0.7999129556119442,0.9204512603580952,1.0053744729608298,0.5244589438661933,0.6899449890479445,34.4235135987401,1605.5430707,8.36218428957458,-1.6293530113297554,-1.721175679937005
438,445,0.8519090618938208,0.9069454532116652,0.9917704846337437,0.5594244720414281,0.7605286743491888,30.509415678679943,1566.2451675,6.399001793756306,-1.867717417635659,-1.5254707839339972
308,315,1.256370659917593,0.907504690811038,0.9914924984052778,0.5373784881085157,0.7628513593226671,22.22081195563078,1499.03969,4.481790532270615,-2.8571776611694153,-1.111040597781539
291,298,0.937547417357564,0.907156146876514,0.997022415176034,0.5354331703856587,0.7918695835396647,21.088681630790234,1485.2163618,4.277237014990418,-2.769905462184874,-1.0544340815395117
540,547,0.7129771467298269,0.9069574991241097,1.0086232619732618,0.5492725549265742,1.2135510221123695,21.417450308799744,1428.8796076,4.478287444137413,-2.6584643002303205,-1.0708725154399872
598,605,0.8550869328901172,0.9015068400651217,1.0088431573286654,0.6224347297102213,0.8240631222724915,28.3111722022295,1415.7062313,5.649459545100702,-1.9472535125968993,-1.415558610111475
226,231,0.9900583699345589,0.9079104309901596,0.9854946485161781,0.5395654030144215,0.8908875109627843,31.905977576971054,1364.105393,5.730789248627436,-1.6226503759398496,-1.5952988788485527
28,28,0.7788574965670705,0.9181961549445987,1.011305928453803,0.9413902657106519,1.3641252452507615,50.0781674310565,1359.9899558,18.777204300476274,-3.0637239744382603,-2.503908371552825
116,120,0.6089181266725063,0.916228492744267,0.9929825420677661,0.5591292325407267,0.7295678351074457,35.52132949233055,1347.6983177,10.370845536150531,-1.5249119201409276,-1.7760664746165276
132,136,1.2095455741509795,0.9067788284271956,1.0177542848140002,0.5473672365769744,1.4643312031403184,20.620993711054325,1273.1740839,4.097549146918778,-2.6971246556473827,-1.0310496855527163
375,382,0.5815028063952923,0.9145542323589325,1.0027024899423123,0.5673991432413459,0.8971571391448379,34.21609591692686,1268.4125814,8.564923600255819,-1.501865671641791,-1.710804795846343
632,639,0.7771377684548497,0.9028562147170306,0.9858507716655731,0.5559583473950624,0.603743870742619,30.59861171990633,1257.0103624,4.522161724640838,-1.5719635076252723,-1.5299305859953165
642,649,0.8273509535938501,0.9088525831699371,0.984183895252645,0.5263827620074153,0.5601545507088304,32.3926904425025,1248.9492327,5.747616191169029,-1.4907815904139432,-1.619634522125125
575,582,0.6769027793779969,0.9199238320812583,1.0045259340107442,0.5025591384619474,0.6445196969434619,34.26510747522116,949.71761462,10.596216669027358,-1.3874591503267975,-1.7132553737610579
305,312,1.0080540552735329,0.9108850119635463,1.0049303844198585,1.2412541219964623,0.690814595669508,57.31934670358896,927.78197718,17.79245970806783,-2.833899773423964,-2.865967335179448
176,180,1.283647277392447,0.9419843945652246,1.0045547675341369,0.5760807897895575,1.2415212783962488,47.51459680497646,898.84272916,23.454069199998173,-2.3961678491411504,-2.375729840248823
387,394,0.5894520012661815,0.9147792182862758,0.9933874439820647,0.5598171046003699,0.6854843338951468,35.579393804073334,455.2507766,17.513509484027374,-1.4981617647058822,-1.7789696902036667
